{
  "isolation_forest": {
    "precision": 0.8569265707797123,
    "recall": 0.5818342022174903,
    "f1": 0.6930814309455087,
    "false_positive_rate": 0.2073342736248237
  },
  "one_class_svm": {
    "precision": 0.9528619528619529,
    "recall": 0.41026384459263554,
    "f1": 0.5735711390352655,
    "false_positive_rate": 0.04513217279174726
  }
}